method	path	handler	source_file	auth_signal	tenant_class	risk_class	coverage_test	coverage_status	owner	defer_reason
GET	/admin/doc-types	list_doc_types	backend/app.py:435	require_admin	admin_global	P0_ADMIN_GLOBAL	tests/test_unauth_route_boundaries.py; tests/test_keycloak_admin_edge.py	covered		
GET	/admin/placeholders	list_placeholders	backend/app.py:951	public-explicit-or-legacy	public_safe_or_legacy	P2_HEALTH_OR_STATIC	tests/test_unauth_route_boundaries.py; tests/test_keycloak_admin_edge.py	covered		
POST	/admin/placeholders	create_placeholder	backend/app.py:962	public-explicit-or-legacy	public_safe_or_legacy	P0_RESOURCE_IDOR	tests/test_unauth_route_boundaries.py; tests/test_keycloak_admin_edge.py	covered		
DELETE	/admin/placeholders/{key}	delete_placeholder	backend/app.py:1032	require_admin	admin_global	P0_ADMIN_GLOBAL	tests/test_unauth_route_boundaries.py; tests/test_keycloak_admin_edge.py	covered		
PUT	/admin/placeholders/{key}	update_placeholder	backend/app.py:999	require_admin	admin_global	P0_ADMIN_GLOBAL	tests/test_unauth_route_boundaries.py; tests/test_keycloak_admin_edge.py	covered		
GET	/admin/templates	list_templates	backend/app.py:441	require_admin	admin_global	P0_FILE_OBJECT	tests/test_unauth_route_boundaries.py; tests/test_keycloak_admin_edge.py	covered		
GET	/admin/templates/{doc_type}	get_template	backend/app.py:462	require_admin	admin_global	P0_FILE_OBJECT	tests/test_unauth_route_boundaries.py; tests/test_keycloak_admin_edge.py	covered		
PUT	/admin/templates/{doc_type}	save_template	backend/app.py:479	require_admin	admin_global	P0_FILE_OBJECT	tests/test_unauth_route_boundaries.py; tests/test_keycloak_admin_edge.py	covered		
GET	/admin/templates/{doc_type}/files	list_template_files	backend/app.py:492	require_admin	admin_global	P0_FILE_OBJECT	tests/test_unauth_route_boundaries.py; tests/test_keycloak_admin_edge.py	covered		
POST	/admin/templates/{doc_type}/files	upload_template_file	backend/app.py:549	require_admin	admin_global	P0_FILE_OBJECT	tests/test_unauth_route_boundaries.py; tests/test_keycloak_admin_edge.py	covered		
DELETE	/admin/templates/{doc_type}/files/{filename}	delete_template_file	backend/app.py:570	require_admin	admin_global	P0_FILE_OBJECT	tests/test_unauth_route_boundaries.py; tests/test_keycloak_admin_edge.py	covered		
GET	/admin/templates/{doc_type}/files/{filename}/view	view_reference_file	backend/app.py:798	require_admin	admin_global	P0_FILE_OBJECT	tests/test_unauth_route_boundaries.py; tests/test_keycloak_admin_edge.py	covered		
GET	/admin/templates/{doc_type}/revisions	get_template_revisions	backend/app.py:591	require_admin	admin_global	P0_FILE_OBJECT	tests/test_unauth_route_boundaries.py; tests/test_keycloak_admin_edge.py	covered		
DELETE	/admin/templates/{doc_type}/template-file	delete_template_file_lang	backend/app.py:632	require_admin	admin_global	P0_FILE_OBJECT	tests/test_unauth_route_boundaries.py; tests/test_keycloak_admin_edge.py	covered		
POST	/admin/templates/{doc_type}/template-file	upload_template_file_lang	backend/app.py:606	require_admin	admin_global	P0_FILE_OBJECT	tests/test_unauth_route_boundaries.py; tests/test_keycloak_admin_edge.py	covered		
GET	/admin/templates/{doc_type}/template-file/view	view_template_file	backend/app.py:777	require_admin	admin_global	P0_FILE_OBJECT	tests/test_unauth_route_boundaries.py; tests/test_keycloak_admin_edge.py	covered		
GET	/admin/templates/{doc_type}/template-files	list_template_files_lang	backend/app.py:648	require_admin	admin_global	P0_FILE_OBJECT	tests/test_unauth_route_boundaries.py; tests/test_keycloak_admin_edge.py	covered		
GET	/admin/users	admin_list_users	backend/app.py:1098	require_admin	admin_global	P0_ADMIN_GLOBAL	tests/test_unauth_route_boundaries.py; tests/test_keycloak_admin_edge.py	covered		
POST	/admin/users	admin_create_user	backend/app.py:1135	require_admin	admin_global	P0_ADMIN_GLOBAL	tests/test_unauth_route_boundaries.py; tests/test_keycloak_admin_edge.py	covered		
DELETE	/admin/users/{user_id}	admin_delete_user	backend/app.py:1297	require_admin	admin_global	P0_ADMIN_GLOBAL	tests/test_unauth_route_boundaries.py; tests/test_keycloak_admin_edge.py	covered		
PUT	/admin/users/{user_id}	admin_update_user	backend/app.py:1259	require_admin	admin_global	P0_ADMIN_GLOBAL	tests/test_unauth_route_boundaries.py; tests/test_keycloak_admin_edge.py	covered		
POST	/admin/users/{user_id}/reset-password	admin_reset_user_password	backend/app.py:1211	require_admin	admin_global	P0_ADMIN_GLOBAL	tests/test_unauth_route_boundaries.py; tests/test_keycloak_admin_edge.py	covered		
GET	/admin/verify	admin_verify	backend/app.py:426	require_admin	admin_global	P0_ADMIN_GLOBAL	tests/test_unauth_route_boundaries.py; tests/test_keycloak_admin_edge.py	covered		
GET	/api/audits	list_visits	backend/auth/audit_router.py:519	require_provider	provider_business_scoped	P1_TENANT_LIST	tests/test_unauth_route_boundaries.py; tests/uat/test_uat_c_tenant_isolation.py	covered		
POST	/api/audits	create_visit	backend/auth/audit_router.py:554	require_provider	provider_business_scoped	P0_RESOURCE_IDOR	tests/test_unauth_route_boundaries.py; tests/uat/test_uat_c_tenant_isolation.py	covered		
GET	/api/audits/businesses	list_businesses	backend/auth/audit_router.py:84	require_provider	provider_business_scoped	P1_TENANT_LIST	tests/test_unauth_route_boundaries.py; tests/uat/test_uat_c_tenant_isolation.py	covered		
GET	/api/audits/businesses/{business_id}/dossier	business_dossier	backend/auth/audit_router.py:142	require_provider	provider_business_scoped	P0_RESOURCE_IDOR	tests/test_unauth_route_boundaries.py; tests/uat/test_uat_c_tenant_isolation.py	covered		
GET	/api/audits/businesses/{business_id}/score	business_score	backend/auth/audit_router.py:265	require_provider	provider_business_scoped	P0_RESOURCE_IDOR	tests/test_unauth_route_boundaries.py; tests/uat/test_uat_c_tenant_isolation.py	covered		
GET	/api/audits/history/{business_tenant}	visit_history	backend/auth/audit_router.py:1408	require_provider	provider_business_scoped	P1_TENANT_LIST	tests/test_unauth_route_boundaries.py; tests/uat/test_uat_c_tenant_isolation.py	covered		
GET	/api/audits/ncr/pending	pending_ncr	backend/auth/audit_router.py:1569	get_current_user	tenant_scoped	P1_TENANT_LIST	tests/test_unauth_route_boundaries.py; tests/uat/test_uat_c_tenant_isolation.py	covered		
POST	/api/audits/ncr/{ncr_id}/evidence	upload_ncr_evidence	backend/auth/audit_router.py:1602	get_current_user	tenant_scoped	P0_RESOURCE_IDOR	tests/test_unauth_route_boundaries.py; tests/uat/test_uat_c_tenant_isolation.py	covered		
PUT	/api/audits/ncr/{ncr_id}/verify	verify_ncr	backend/auth/audit_router.py:1658	require_provider	provider_business_scoped	P0_RESOURCE_IDOR	tests/test_unauth_route_boundaries.py; tests/uat/test_uat_c_tenant_isolation.py	covered		
GET	/api/audits/stats	audit_stats	backend/auth/audit_router.py:393	public-explicit-or-legacy	public_safe_or_legacy	P2_HEALTH_OR_STATIC	tests/test_unauth_route_boundaries.py; tests/uat/test_uat_c_tenant_isolation.py	covered		
GET	/api/audits/templates	list_templates	backend/auth/audit_router.py:436	require_provider	provider_business_scoped	P0_FILE_OBJECT	tests/test_unauth_route_boundaries.py; tests/uat/test_uat_c_tenant_isolation.py	covered		
POST	/api/audits/templates	create_template	backend/auth/audit_router.py:462	require_provider	provider_business_scoped	P0_FILE_OBJECT	tests/test_unauth_route_boundaries.py; tests/uat/test_uat_c_tenant_isolation.py	covered		
DELETE	/api/audits/templates/{tid}	delete_template	backend/auth/audit_router.py:507	require_provider	provider_business_scoped	P0_FILE_OBJECT	tests/test_unauth_route_boundaries.py; tests/uat/test_uat_c_tenant_isolation.py	covered		
PUT	/api/audits/templates/{tid}	update_template	backend/auth/audit_router.py:478	require_provider	provider_business_scoped	P0_FILE_OBJECT	tests/test_unauth_route_boundaries.py; tests/uat/test_uat_c_tenant_isolation.py	covered		
DELETE	/api/audits/{vid}	delete_visit	backend/auth/audit_router.py:705	require_provider	provider_business_scoped	P0_RESOURCE_IDOR	tests/test_unauth_route_boundaries.py; tests/uat/test_uat_c_tenant_isolation.py	covered		
GET	/api/audits/{vid}	get_visit	backend/auth/audit_router.py:587	require_provider	provider_business_scoped	P0_RESOURCE_IDOR	tests/test_unauth_route_boundaries.py; tests/uat/test_uat_c_tenant_isolation.py	covered		
PUT	/api/audits/{vid}	update_visit	backend/auth/audit_router.py:671	require_provider	provider_business_scoped	P0_RESOURCE_IDOR	tests/test_unauth_route_boundaries.py; tests/uat/test_uat_c_tenant_isolation.py	covered		
PUT	/api/audits/{vid}/assign	assign_visit_auditor	backend/auth/audit_router.py:721	require_provider	provider_business_scoped	P0_RESOURCE_IDOR	tests/test_unauth_route_boundaries.py; tests/uat/test_uat_c_tenant_isolation.py	covered		
POST	/api/audits/{vid}/decision	cert_decision	backend/auth/audit_router.py:1438	require_provider	provider_business_scoped	P0_RESOURCE_IDOR	tests/test_unauth_route_boundaries.py; tests/uat/test_uat_c_tenant_isolation.py	covered		
POST	/api/audits/{vid}/follow-up	create_follow_up	backend/auth/audit_router.py:1694	require_provider	provider_business_scoped	P0_RESOURCE_IDOR	tests/test_unauth_route_boundaries.py; tests/uat/test_uat_c_tenant_isolation.py	covered		
POST	/api/audits/{vid}/generate-report	generate_report	backend/auth/audit_router.py:1054	require_provider	provider_business_scoped	P0_RESOURCE_IDOR	tests/test_unauth_route_boundaries.py; tests/uat/test_uat_c_tenant_isolation.py	covered		
PUT	/api/audits/{vid}/gps	save_gps	backend/auth/audit_router.py:1551	require_provider	provider_business_scoped	P0_RESOURCE_IDOR	tests/test_unauth_route_boundaries.py; tests/uat/test_uat_c_tenant_isolation.py	covered		
GET	/api/audits/{vid}/items	list_items	backend/auth/audit_router.py:836	require_provider	provider_business_scoped	P0_RESOURCE_IDOR	tests/test_unauth_route_boundaries.py; tests/uat/test_uat_c_tenant_isolation.py	covered		
POST	/api/audits/{vid}/items	add_item	backend/auth/audit_router.py:859	require_provider	provider_business_scoped	P0_RESOURCE_IDOR	tests/test_unauth_route_boundaries.py; tests/uat/test_uat_c_tenant_isolation.py	covered		
DELETE	/api/audits/{vid}/items/{item_id}	delete_item	backend/auth/audit_router.py:883	require_provider	provider_business_scoped	P0_RESOURCE_IDOR	tests/test_unauth_route_boundaries.py; tests/uat/test_uat_c_tenant_isolation.py	covered		
PUT	/api/audits/{vid}/items/{item_id}	update_item	backend/auth/audit_router.py:892	require_provider	provider_business_scoped	P0_RESOURCE_IDOR	tests/test_unauth_route_boundaries.py; tests/uat/test_uat_c_tenant_isolation.py	covered		
POST	/api/audits/{vid}/items/{item_id}/photo	upload_item_photo	backend/auth/audit_router.py:918	require_provider	provider_business_scoped	P0_FILE_OBJECT	tests/test_unauth_route_boundaries.py; tests/uat/test_uat_c_tenant_isolation.py	covered		
GET	/api/audits/{vid}/ncr	list_ncr	backend/auth/audit_router.py:952	require_provider	provider_business_scoped	P0_RESOURCE_IDOR	tests/test_unauth_route_boundaries.py; tests/uat/test_uat_c_tenant_isolation.py	covered		
POST	/api/audits/{vid}/ncr	create_ncr	backend/auth/audit_router.py:979	require_provider	provider_business_scoped	P0_RESOURCE_IDOR	tests/test_unauth_route_boundaries.py; tests/uat/test_uat_c_tenant_isolation.py	covered		
PUT	/api/audits/{vid}/ncr/{ncr_id}	update_ncr	backend/auth/audit_router.py:998	require_provider	provider_business_scoped	P0_RESOURCE_IDOR	tests/test_unauth_route_boundaries.py; tests/uat/test_uat_c_tenant_isolation.py	covered		
POST	/api/audits/{vid}/ncr/{ncr_id}/photo	upload_ncr_photo	backend/auth/audit_router.py:1020	require_provider	provider_business_scoped	P0_FILE_OBJECT	tests/test_unauth_route_boundaries.py; tests/uat/test_uat_c_tenant_isolation.py	covered		
POST	/api/audits/{vid}/populate-checklist	populate_checklist	backend/auth/audit_router.py:792	require_provider	provider_business_scoped	P0_RESOURCE_IDOR	tests/test_unauth_route_boundaries.py; tests/uat/test_uat_c_tenant_isolation.py	covered		
GET	/api/audits/{vid}/report-pdf	download_report	backend/auth/audit_router.py:1363	get_current_user	tenant_scoped	P0_FILE_OBJECT	tests/test_unauth_route_boundaries.py; tests/uat/test_uat_c_tenant_isolation.py	covered		
POST	/api/audits/{vid}/signature	upload_signature	backend/auth/audit_router.py:1523	require_provider	provider_business_scoped	P0_RESOURCE_IDOR	tests/test_unauth_route_boundaries.py; tests/uat/test_uat_c_tenant_isolation.py	covered		
PUT	/api/audits/{vid}/status	update_visit_status	backend/auth/audit_router.py:764	require_provider	provider_business_scoped	P0_RESOURCE_IDOR	tests/test_unauth_route_boundaries.py; tests/uat/test_uat_c_tenant_isolation.py	covered		
GET	/api/dashboard/stats	dashboard_stats	backend/auth/document_router.py:823	public-explicit-or-legacy	public_safe_or_legacy	P2_HEALTH_OR_STATIC	low-risk/static smoke	covered		
GET	/api/documents	list_documents	backend/auth/document_router.py:175	get_current_user	tenant_scoped	P1_TENANT_LIST	tests/test_generate_document_export_security.py; tests/test_certificate_pdf_integrity_smoke.py; tests/uat/test_uat_c_tenant_isolation.py	covered		
GET	/api/documents/revisions/{doc_type_id}	list_revisions	backend/auth/document_router.py:279	get_current_user	tenant_scoped	P0_RESOURCE_IDOR	tests/test_generate_document_export_security.py; tests/test_certificate_pdf_integrity_smoke.py; tests/uat/test_uat_c_tenant_isolation.py	covered		
POST	/api/documents/upload	upload_document	backend/auth/document_router.py:590	get_current_user	tenant_scoped	P0_RESOURCE_IDOR	tests/test_generate_document_export_security.py; tests/test_certificate_pdf_integrity_smoke.py; tests/uat/test_uat_c_tenant_isolation.py	covered		
DELETE	/api/documents/{doc_id}	delete_document	backend/auth/document_router.py:771	get_current_user	tenant_scoped	P0_RESOURCE_IDOR	tests/test_generate_document_export_security.py; tests/test_certificate_pdf_integrity_smoke.py; tests/uat/test_uat_c_tenant_isolation.py	covered		
GET	/api/documents/{doc_id}	get_document	backend/auth/document_router.py:363	get_current_user	tenant_scoped	P0_RESOURCE_IDOR	tests/test_generate_document_export_security.py; tests/test_certificate_pdf_integrity_smoke.py; tests/uat/test_uat_c_tenant_isolation.py	covered		
GET	/api/documents/{doc_id}/approval-status	get_approval_status	backend/auth/document_router.py:1333	get_current_user	tenant_scoped	P0_RESOURCE_IDOR	tests/test_generate_document_export_security.py; tests/test_certificate_pdf_integrity_smoke.py; tests/uat/test_uat_c_tenant_isolation.py	covered		
POST	/api/documents/{doc_id}/approve	approve_document	backend/auth/document_router.py:1093	get_current_user	tenant_scoped	P0_RESOURCE_IDOR	tests/test_generate_document_export_security.py; tests/test_certificate_pdf_integrity_smoke.py; tests/uat/test_uat_c_tenant_isolation.py	covered		
POST	/api/documents/{doc_id}/evaluate	evaluate_existing_document	backend/auth/document_router.py:728	get_current_user	tenant_scoped	P0_RESOURCE_IDOR	tests/test_generate_document_export_security.py; tests/test_certificate_pdf_integrity_smoke.py; tests/uat/test_uat_c_tenant_isolation.py	covered		
GET	/api/documents/{doc_id}/file	get_document_file	backend/auth/document_router.py:544	get_current_user	tenant_scoped	P0_FILE_OBJECT	tests/test_generate_document_export_security.py; tests/test_certificate_pdf_integrity_smoke.py; tests/uat/test_uat_c_tenant_isolation.py	covered		
GET	/api/documents/{doc_id}/preview	preview_document	backend/auth/document_router.py:427	get_current_user	tenant_scoped	P0_RESOURCE_IDOR	tests/test_generate_document_export_security.py; tests/test_certificate_pdf_integrity_smoke.py; tests/uat/test_uat_c_tenant_isolation.py	covered		
POST	/api/documents/{doc_id}/promote	promote_document	backend/auth/document_router.py:333	get_current_user	tenant_scoped	P0_RESOURCE_IDOR	tests/test_generate_document_export_security.py; tests/test_certificate_pdf_integrity_smoke.py; tests/uat/test_uat_c_tenant_isolation.py	covered		
POST	/api/documents/{doc_id}/reject	reject_document	backend/auth/document_router.py:1164	get_current_user	tenant_scoped	P0_RESOURCE_IDOR	tests/test_generate_document_export_security.py; tests/test_certificate_pdf_integrity_smoke.py; tests/uat/test_uat_c_tenant_isolation.py	covered		
POST	/api/documents/{doc_id}/submit-for-approval	submit_for_approval	backend/auth/document_router.py:1051	get_current_user	tenant_scoped	P0_RESOURCE_IDOR	tests/test_generate_document_export_security.py; tests/test_certificate_pdf_integrity_smoke.py; tests/uat/test_uat_c_tenant_isolation.py	covered		
POST	/api/documents/{doc_id}/supersede	supersede_document	backend/auth/document_router.py:1204	get_current_user	tenant_scoped	P0_RESOURCE_IDOR	tests/test_generate_document_export_security.py; tests/test_certificate_pdf_integrity_smoke.py; tests/uat/test_uat_c_tenant_isolation.py	covered		
GET	/api/documents/{doc_id}/versions	get_versions	backend/auth/document_router.py:1271	get_current_user	tenant_scoped	P0_RESOURCE_IDOR	tests/test_generate_document_export_security.py; tests/test_certificate_pdf_integrity_smoke.py; tests/uat/test_uat_c_tenant_isolation.py	covered		
GET	/api/feature-flags/me	my_feature_flags	backend/auth/feature_flags_router.py:63	get_current_user	tenant_scoped	P1_TENANT_LIST		deferred	qa-owner	representative coverage only; add route-family test for 8/10+
GET	/api/notifications	list_notifications	backend/auth/notification_router.py:67	get_current_user	tenant_scoped	P1_TENANT_LIST	tests/test_unauth_route_boundaries.py; notification tenant-scope DB checks	covered		
GET	/api/notifications/push-public-key	get_vapid_public_key	backend/auth/notification_router.py:150	public-explicit-or-legacy	public_sealed_snapshot	P1_PUBLIC_SEALED	tests/test_unauth_route_boundaries.py; notification tenant-scope DB checks	covered		
DELETE	/api/notifications/push-subscriptions	unsubscribe_push	backend/auth/notification_router.py:184	get_current_user	tenant_scoped	P0_RESOURCE_IDOR	tests/test_unauth_route_boundaries.py; notification tenant-scope DB checks	covered		
POST	/api/notifications/push-subscriptions	subscribe_push	backend/auth/notification_router.py:155	get_current_user	tenant_scoped	P0_RESOURCE_IDOR	tests/test_unauth_route_boundaries.py; notification tenant-scope DB checks	covered		
PUT	/api/notifications/read-all	mark_all_read	backend/auth/notification_router.py:127	get_current_user	tenant_scoped	P0_RESOURCE_IDOR	tests/test_unauth_route_boundaries.py; notification tenant-scope DB checks	covered		
GET	/api/notifications/unread-count	unread_count	backend/auth/notification_router.py:101	get_current_user	tenant_scoped	P1_TENANT_LIST	tests/test_unauth_route_boundaries.py; notification tenant-scope DB checks	covered		
PUT	/api/notifications/{notification_id}/read	mark_read	backend/auth/notification_router.py:111	get_current_user	tenant_scoped	P0_RESOURCE_IDOR	tests/test_unauth_route_boundaries.py; notification tenant-scope DB checks	covered		
GET	/api/submissions/cb-stats	cb_stats	backend/auth/submission_router.py:113	get_current_user	tenant_scoped	P1_TENANT_LIST	tests/test_unauth_route_boundaries.py; tests/uat/test_uat_c_tenant_isolation.py	covered		
GET	/api/submissions/cert-timeline	cert_timeline	backend/auth/submission_router.py:437	get_current_user	tenant_scoped	P1_TENANT_LIST	tests/test_unauth_route_boundaries.py; tests/uat/test_uat_c_tenant_isolation.py	covered		
GET	/api/submissions/certificates	list_certificates	backend/auth/certificate_router.py:239	get_current_user	tenant_scoped	P1_TENANT_LIST	tests/test_unauth_route_boundaries.py; tests/uat/test_uat_c_tenant_isolation.py	covered		
GET	/api/submissions/certificates/public/{cert_number}	public_verify_cert	backend/auth/certificate_router.py:359	public-intended	public_sealed_snapshot	P1_PUBLIC_SEALED	tests/test_unauth_route_boundaries.py; tests/uat/test_uat_c_tenant_isolation.py	covered		
GET	/api/submissions/certificates/registry	cert_registry	backend/auth/certificate_router.py:274	get_current_user	tenant_scoped	P1_TENANT_LIST	tests/test_unauth_route_boundaries.py; tests/uat/test_uat_c_tenant_isolation.py	covered		
GET	/api/submissions/certificates/{cert_id}/pdf	download_certificate_pdf	backend/auth/certificate_router.py:532	get_current_user	tenant_scoped	P0_FILE_OBJECT	tests/test_unauth_route_boundaries.py; tests/uat/test_uat_c_tenant_isolation.py	covered		
PUT	/api/submissions/certificates/{cert_id}/status	update_cert_status	backend/auth/certificate_router.py:457	get_current_user	tenant_scoped	P0_RESOURCE_IDOR	tests/test_unauth_route_boundaries.py; tests/uat/test_uat_c_tenant_isolation.py	covered		
POST	/api/submissions/issue-certificate/{business_tenant_id}	issue_certificate_for_company	backend/auth/certificate_router.py:73	get_current_user	tenant_scoped	P0_RESOURCE_IDOR	tests/test_unauth_route_boundaries.py; tests/uat/test_uat_c_tenant_isolation.py	covered		
GET	/api/submissions/my-submissions	my_submissions	backend/auth/submission_router.py:559	require_business	tenant_scoped	P1_TENANT_LIST	tests/test_unauth_route_boundaries.py; tests/uat/test_uat_c_tenant_isolation.py	covered		
GET	/api/submissions/overdue	provider_overdue	backend/auth/submission_router.py:314	get_current_user	tenant_scoped	P1_TENANT_LIST	tests/test_unauth_route_boundaries.py; tests/uat/test_uat_c_tenant_isolation.py	covered		
GET	/api/submissions/providers	list_providers	backend/auth/submission_router.py:344	no-auth-explicit-review	tenant_scoped	P1_TENANT_LIST	tests/test_unauth_route_boundaries.py; tests/uat/test_uat_c_tenant_isolation.py	covered		
GET	/api/submissions/received	received_submissions	backend/auth/submission_router.py:600	get_current_user	tenant_scoped	P1_TENANT_LIST	tests/test_unauth_route_boundaries.py; tests/uat/test_uat_c_tenant_isolation.py	covered		
POST	/api/submissions/received/{submission_id}/approve-final	approve_final	backend/auth/submission_router.py:1249	get_current_user	tenant_scoped	P0_RESOURCE_IDOR	tests/test_unauth_route_boundaries.py; tests/uat/test_uat_c_tenant_isolation.py	covered		
PUT	/api/submissions/received/{submission_id}/assign	assign_auditor	backend/auth/submission_router.py:1032	get_current_user	tenant_scoped	P0_RESOURCE_IDOR	tests/test_unauth_route_boundaries.py; tests/uat/test_uat_c_tenant_isolation.py	covered		
PUT	/api/submissions/received/{submission_id}/deadline	set_deadline	backend/auth/submission_router.py:1571	get_current_user	tenant_scoped	P0_RESOURCE_IDOR	tests/test_unauth_route_boundaries.py; tests/uat/test_uat_c_tenant_isolation.py	covered		
GET	/api/submissions/received/{submission_id}/doc-revisions/{doc_type_id}	submission_doc_revisions	backend/auth/submission_router.py:1478	get_current_user	tenant_scoped	P0_RESOURCE_IDOR	tests/test_unauth_route_boundaries.py; tests/uat/test_uat_c_tenant_isolation.py	covered		
GET	/api/submissions/received/{submission_id}/documents	submission_documents	backend/auth/submission_router.py:652	get_current_user	tenant_scoped	P0_RESOURCE_IDOR	tests/test_unauth_route_boundaries.py; tests/uat/test_uat_c_tenant_isolation.py	covered		
GET	/api/submissions/received/{submission_id}/evaluation	get_evaluation	backend/auth/submission_router.py:1145	get_current_user	tenant_scoped	P0_RESOURCE_IDOR	tests/test_unauth_route_boundaries.py; tests/uat/test_uat_c_tenant_isolation.py	covered		
POST	/api/submissions/received/{submission_id}/evaluation	save_evaluation	backend/auth/submission_router.py:1172	get_current_user	tenant_scoped	P0_RESOURCE_IDOR	tests/test_unauth_route_boundaries.py; tests/uat/test_uat_c_tenant_isolation.py	covered		
POST	/api/submissions/received/{submission_id}/finalize	finalize_submission	backend/auth/submission_router.py:1530	get_current_user	tenant_scoped	P0_RESOURCE_IDOR	tests/test_unauth_route_boundaries.py; tests/uat/test_uat_c_tenant_isolation.py	covered		
POST	/api/submissions/received/{submission_id}/issue-certificate	issue_certificate_legacy	backend/auth/certificate_router.py:57	get_current_user	tenant_scoped	P0_RESOURCE_IDOR	tests/test_unauth_route_boundaries.py; tests/uat/test_uat_c_tenant_isolation.py	covered		
PUT	/api/submissions/received/{submission_id}/replace-document	replace_submission_document	backend/auth/submission_router.py:1383	get_current_user	tenant_scoped	P0_RESOURCE_IDOR	tests/test_unauth_route_boundaries.py; tests/uat/test_uat_c_tenant_isolation.py	covered		
POST	/api/submissions/received/{submission_id}/request-revision	provider_request_revision	backend/auth/submission_router.py:795	get_current_user	tenant_scoped	P0_RESOURCE_IDOR	tests/test_unauth_route_boundaries.py; tests/uat/test_uat_c_tenant_isolation.py	covered		
PUT	/api/submissions/received/{submission_id}/status	update_submission_status	backend/auth/submission_router.py:724	get_current_user	tenant_scoped	P0_RESOURCE_IDOR	tests/test_unauth_route_boundaries.py; tests/uat/test_uat_c_tenant_isolation.py	covered		
POST	/api/submissions/request-renewal/{cert_id}	request_renewal	backend/auth/submission_router.py:483	get_current_user	tenant_scoped	P0_RESOURCE_IDOR	tests/test_unauth_route_boundaries.py; tests/uat/test_uat_c_tenant_isolation.py	covered		
GET	/api/submissions/stats	provider_stats	backend/auth/submission_router.py:242	public-explicit-or-legacy	public_safe_or_legacy	P2_HEALTH_OR_STATIC	tests/test_unauth_route_boundaries.py; tests/uat/test_uat_c_tenant_isolation.py	covered		
POST	/api/submissions/submit	submit_documents	backend/auth/submission_router.py:356	require_business	tenant_scoped	P0_RESOURCE_IDOR	tests/test_unauth_route_boundaries.py; tests/uat/test_uat_c_tenant_isolation.py	covered		
POST	/api/submissions/{submission_id}/resubmit	business_resubmit	backend/auth/submission_router.py:899	require_business	tenant_scoped	P0_RESOURCE_IDOR	tests/test_unauth_route_boundaries.py; tests/uat/test_uat_c_tenant_isolation.py	covered		
GET	/api/submissions/{submission_id}/revisions	get_revision_history	backend/auth/submission_router.py:986	get_current_user	tenant_scoped	P0_RESOURCE_IDOR	tests/test_unauth_route_boundaries.py; tests/uat/test_uat_c_tenant_isolation.py	covered		
GET	/api/supply-chain/batches	list_batches	backend/supply_chain/batch_router.py:141	require_business	tenant_scoped_supply_chain	P1_TENANT_LIST	tests/test_supply_chain_batches.py; tests/test_supply_chain_supplier_eligibility_routes.py; tests/test_unauth_route_boundaries.py	covered		
POST	/api/supply-chain/batches	create_batch	backend/supply_chain/batch_router.py:210	require_business	tenant_scoped_supply_chain	P0_RESOURCE_IDOR	tests/test_supply_chain_batches.py; tests/test_supply_chain_supplier_eligibility_routes.py; tests/test_unauth_route_boundaries.py	covered		
GET	/api/supply-chain/batches/members	list_tenant_members	backend/supply_chain/batch_router.py:332	require_business	tenant_scoped_supply_chain	P1_TENANT_LIST	tests/test_supply_chain_batches.py; tests/test_supply_chain_supplier_eligibility_routes.py; tests/test_unauth_route_boundaries.py	covered		
GET	/api/supply-chain/batches/stats	batch_stats	backend/supply_chain/batch_router.py:316	public-explicit-or-legacy	public_safe_or_legacy	P2_HEALTH_OR_STATIC	tests/test_supply_chain_batches.py; tests/test_supply_chain_supplier_eligibility_routes.py; tests/test_unauth_route_boundaries.py	covered		
GET	/api/supply-chain/batches/trace/{trace_id}	public_trace	backend/supply_chain/batch_router.py:354	public-intended	public_sealed_snapshot	P1_PUBLIC_SEALED	tests/test_supply_chain_batches.py; tests/test_supply_chain_supplier_eligibility_routes.py; tests/test_unauth_route_boundaries.py	covered		
DELETE	/api/supply-chain/batches/{bid}	delete_batch	backend/supply_chain/batch_router.py:623	require_business	tenant_scoped_supply_chain	P0_RESOURCE_IDOR	tests/test_supply_chain_batches.py; tests/test_supply_chain_supplier_eligibility_routes.py; tests/test_unauth_route_boundaries.py	covered		
GET	/api/supply-chain/batches/{bid}	get_batch	backend/supply_chain/batch_router.py:517	require_business	tenant_scoped_supply_chain	P0_RESOURCE_IDOR	tests/test_supply_chain_batches.py; tests/test_supply_chain_supplier_eligibility_routes.py; tests/test_unauth_route_boundaries.py	covered		
PUT	/api/supply-chain/batches/{bid}	update_batch	backend/supply_chain/batch_router.py:578	require_business	tenant_scoped_supply_chain	P0_RESOURCE_IDOR	tests/test_supply_chain_batches.py; tests/test_supply_chain_supplier_eligibility_routes.py; tests/test_unauth_route_boundaries.py	covered		
POST	/api/supply-chain/batches/{bid}/approve	approve_batch	backend/supply_chain/batch_router.py:710	require_business	tenant_scoped_supply_chain	P0_RESOURCE_IDOR	tests/test_supply_chain_batches.py; tests/test_supply_chain_supplier_eligibility_routes.py; tests/test_unauth_route_boundaries.py	covered		
PUT	/api/supply-chain/batches/{bid}/assign-member	assign_member_to_batch	backend/supply_chain/batch_router.py:482	require_business	tenant_scoped_supply_chain	P0_RESOURCE_IDOR	tests/test_supply_chain_batches.py; tests/test_supply_chain_supplier_eligibility_routes.py; tests/test_unauth_route_boundaries.py	covered		
POST	/api/supply-chain/batches/{bid}/export-pdf	export_batch_pdf	backend/supply_chain/batch_router.py:942	require_business	tenant_scoped_supply_chain	P0_FILE_OBJECT	tests/test_supply_chain_batches.py; tests/test_supply_chain_supplier_eligibility_routes.py; tests/test_unauth_route_boundaries.py	covered		
GET	/api/supply-chain/batches/{bid}/qr	generate_qr	backend/supply_chain/batch_router.py:1265	require_business	tenant_scoped_supply_chain	P0_RESOURCE_IDOR	tests/test_supply_chain_batches.py; tests/test_supply_chain_supplier_eligibility_routes.py; tests/test_unauth_route_boundaries.py	covered		
PUT	/api/supply-chain/batches/{bid}/steps/{step_id}	update_step	backend/supply_chain/batch_router.py:638	require_business	tenant_scoped_supply_chain	P0_RESOURCE_IDOR	tests/test_supply_chain_batches.py; tests/test_supply_chain_supplier_eligibility_routes.py; tests/test_unauth_route_boundaries.py	covered		
POST	/api/supply-chain/batches/{bid}/steps/{step_id}/approve	approve_step	backend/supply_chain/batch_router.py:683	require_business	tenant_scoped_supply_chain	P0_RESOURCE_IDOR	tests/test_supply_chain_batches.py; tests/test_supply_chain_supplier_eligibility_routes.py; tests/test_unauth_route_boundaries.py	covered		
POST	/api/supply-chain/batches/{bid}/steps/{step_id}/photo	upload_step_photo	backend/supply_chain/batch_router.py:1166	require_business	tenant_scoped_supply_chain	P0_FILE_OBJECT	tests/test_supply_chain_batches.py; tests/test_supply_chain_supplier_eligibility_routes.py; tests/test_unauth_route_boundaries.py	covered		
GET	/api/supply-chain/batches/{bid}/steps/{step_id}/photo/view	view_step_photo	backend/supply_chain/batch_router.py:1216	require_business	tenant_scoped_supply_chain	P0_FILE_OBJECT	tests/test_supply_chain_batches.py; tests/test_supply_chain_supplier_eligibility_routes.py; tests/test_unauth_route_boundaries.py	covered		
GET	/api/supply-chain/batches/{bid}/verify	verify_batch_integrity	backend/supply_chain/batch_router.py:913	require_business	tenant_scoped_supply_chain	P0_RESOURCE_IDOR	tests/test_supply_chain_batches.py; tests/test_supply_chain_supplier_eligibility_routes.py; tests/test_unauth_route_boundaries.py	covered		
GET	/api/supply-chain/certificate-risk-alerts	list_certificate_risk_alerts	backend/supply_chain/supplier_router.py:185	require_business	tenant_scoped_supply_chain	P1_TENANT_LIST	tests/test_supply_chain_batches.py; tests/test_supply_chain_supplier_eligibility_routes.py; tests/test_unauth_route_boundaries.py	covered		
PUT	/api/supply-chain/certificate-risk-alerts/{alert_id}	update_certificate_risk_alert	backend/supply_chain/supplier_router.py:227	require_business	tenant_scoped_supply_chain	P0_RESOURCE_IDOR	tests/test_supply_chain_batches.py; tests/test_supply_chain_supplier_eligibility_routes.py; tests/test_unauth_route_boundaries.py	covered		
GET	/api/supply-chain/materials	list_materials	backend/supply_chain/material_router.py:33	require_business	tenant_scoped_supply_chain	P1_TENANT_LIST	tests/test_supply_chain_batches.py; tests/test_supply_chain_supplier_eligibility_routes.py; tests/test_unauth_route_boundaries.py	covered		
POST	/api/supply-chain/materials	create_material	backend/supply_chain/material_router.py:90	require_business	tenant_scoped_supply_chain	P0_RESOURCE_IDOR	tests/test_supply_chain_batches.py; tests/test_supply_chain_supplier_eligibility_routes.py; tests/test_unauth_route_boundaries.py	covered		
DELETE	/api/supply-chain/materials/{mid}	delete_material	backend/supply_chain/material_router.py:171	require_business	tenant_scoped_supply_chain	P0_RESOURCE_IDOR	tests/test_supply_chain_batches.py; tests/test_supply_chain_supplier_eligibility_routes.py; tests/test_unauth_route_boundaries.py	covered		
PUT	/api/supply-chain/materials/{mid}	update_material	backend/supply_chain/material_router.py:121	require_business	tenant_scoped_supply_chain	P0_RESOURCE_IDOR	tests/test_supply_chain_batches.py; tests/test_supply_chain_supplier_eligibility_routes.py; tests/test_unauth_route_boundaries.py	covered		
GET	/api/supply-chain/processes	list_processes	backend/supply_chain/process_router.py:34	require_business	tenant_scoped_supply_chain	P1_TENANT_LIST	tests/test_supply_chain_batches.py; tests/test_supply_chain_supplier_eligibility_routes.py; tests/test_unauth_route_boundaries.py	covered		
POST	/api/supply-chain/processes	create_process	backend/supply_chain/process_router.py:55	require_business	tenant_scoped_supply_chain	P0_RESOURCE_IDOR	tests/test_supply_chain_batches.py; tests/test_supply_chain_supplier_eligibility_routes.py; tests/test_unauth_route_boundaries.py	covered		
DELETE	/api/supply-chain/processes/{pid}	delete_process	backend/supply_chain/process_router.py:129	require_business	tenant_scoped_supply_chain	P0_RESOURCE_IDOR	tests/test_supply_chain_batches.py; tests/test_supply_chain_supplier_eligibility_routes.py; tests/test_unauth_route_boundaries.py	covered		
GET	/api/supply-chain/processes/{pid}	get_process	backend/supply_chain/process_router.py:74	require_business	tenant_scoped_supply_chain	P0_RESOURCE_IDOR	tests/test_supply_chain_batches.py; tests/test_supply_chain_supplier_eligibility_routes.py; tests/test_unauth_route_boundaries.py	covered		
PUT	/api/supply-chain/processes/{pid}	update_process	backend/supply_chain/process_router.py:96	require_business	tenant_scoped_supply_chain	P0_RESOURCE_IDOR	tests/test_supply_chain_batches.py; tests/test_supply_chain_supplier_eligibility_routes.py; tests/test_unauth_route_boundaries.py	covered		
POST	/api/supply-chain/processes/{pid}/export-docx	export_process_docx	backend/supply_chain/process_router.py:140	require_business	tenant_scoped_supply_chain	P0_FILE_OBJECT	tests/test_supply_chain_batches.py; tests/test_supply_chain_supplier_eligibility_routes.py; tests/test_unauth_route_boundaries.py	covered		
GET	/api/supply-chain/supplier-portal/{token}	get_portal_info	backend/supply_chain/supplier_router.py:705	public-explicit-or-legacy	public_token_scoped	P2_HEALTH_OR_STATIC	tests/test_supply_chain_batches.py; tests/test_supply_chain_supplier_eligibility_routes.py; tests/test_unauth_route_boundaries.py	covered		
POST	/api/supply-chain/supplier-portal/{token}/upload	portal_upload	backend/supply_chain/supplier_router.py:756	public-explicit-or-legacy	public_token_scoped	P0_RESOURCE_IDOR	tests/test_supply_chain_batches.py; tests/test_supply_chain_supplier_eligibility_routes.py; tests/test_unauth_route_boundaries.py	covered		
GET	/api/supply-chain/suppliers	list_suppliers	backend/supply_chain/supplier_router.py:128	require_business	tenant_scoped_supply_chain	P1_TENANT_LIST	tests/test_supply_chain_batches.py; tests/test_supply_chain_supplier_eligibility_routes.py; tests/test_unauth_route_boundaries.py	covered		
POST	/api/supply-chain/suppliers	create_supplier	backend/supply_chain/supplier_router.py:344	require_business	tenant_scoped_supply_chain	P0_RESOURCE_IDOR	tests/test_supply_chain_batches.py; tests/test_supply_chain_supplier_eligibility_routes.py; tests/test_unauth_route_boundaries.py	covered		
GET	/api/supply-chain/suppliers/eligible	list_eligible_suppliers_route	backend/supply_chain/supplier_router.py:145	require_business	tenant_scoped_supply_chain	P1_TENANT_LIST	tests/test_supply_chain_batches.py; tests/test_supply_chain_supplier_eligibility_routes.py; tests/test_unauth_route_boundaries.py	covered		
DELETE	/api/supply-chain/suppliers/{sid}	delete_supplier	backend/supply_chain/supplier_router.py:435	require_business	tenant_scoped_supply_chain	P0_RESOURCE_IDOR	tests/test_supply_chain_batches.py; tests/test_supply_chain_supplier_eligibility_routes.py; tests/test_unauth_route_boundaries.py	covered		
GET	/api/supply-chain/suppliers/{sid}	get_supplier	backend/supply_chain/supplier_router.py:371	require_business	tenant_scoped_supply_chain	P0_RESOURCE_IDOR	tests/test_supply_chain_batches.py; tests/test_supply_chain_supplier_eligibility_routes.py; tests/test_unauth_route_boundaries.py	covered		
PUT	/api/supply-chain/suppliers/{sid}	update_supplier	backend/supply_chain/supplier_router.py:407	require_business	tenant_scoped_supply_chain	P0_RESOURCE_IDOR	tests/test_supply_chain_batches.py; tests/test_supply_chain_supplier_eligibility_routes.py; tests/test_unauth_route_boundaries.py	covered		
POST	/api/supply-chain/suppliers/{sid}/cb-certificate	create_supplier_eligibility	backend/supply_chain/supplier_router.py:334	get_current_user	tenant_scoped_supply_chain	P0_RESOURCE_IDOR	tests/test_supply_chain_batches.py; tests/test_supply_chain_supplier_eligibility_routes.py; tests/test_unauth_route_boundaries.py	covered		
PUT	/api/supply-chain/suppliers/{sid}/cb-certificate	upsert_supplier_eligibility	backend/supply_chain/supplier_router.py:252	require_provider	tenant_scoped_supply_chain	P0_RESOURCE_IDOR	tests/test_supply_chain_batches.py; tests/test_supply_chain_supplier_eligibility_routes.py; tests/test_unauth_route_boundaries.py	covered		
GET	/api/supply-chain/suppliers/{sid}/certificates	list_certificates	backend/supply_chain/supplier_router.py:449	require_business	tenant_scoped_supply_chain	P0_RESOURCE_IDOR	tests/test_supply_chain_batches.py; tests/test_supply_chain_supplier_eligibility_routes.py; tests/test_unauth_route_boundaries.py	covered		
POST	/api/supply-chain/suppliers/{sid}/certificates	upload_certificate	backend/supply_chain/supplier_router.py:476	require_business	tenant_scoped_supply_chain	P0_RESOURCE_IDOR	tests/test_supply_chain_batches.py; tests/test_supply_chain_supplier_eligibility_routes.py; tests/test_unauth_route_boundaries.py	covered		
DELETE	/api/supply-chain/suppliers/{sid}/certificates/{cid}	delete_certificate	backend/supply_chain/supplier_router.py:655	require_business	tenant_scoped_supply_chain	P0_RESOURCE_IDOR	tests/test_supply_chain_batches.py; tests/test_supply_chain_supplier_eligibility_routes.py; tests/test_unauth_route_boundaries.py	covered		
GET	/api/supply-chain/suppliers/{sid}/certificates/{cid}/view	view_certificate	backend/supply_chain/supplier_router.py:556	require_business	tenant_scoped_supply_chain	P0_RESOURCE_IDOR	tests/test_supply_chain_batches.py; tests/test_supply_chain_supplier_eligibility_routes.py; tests/test_unauth_route_boundaries.py	covered		
POST	/api/supply-chain/suppliers/{sid}/invite	generate_invite	backend/supply_chain/supplier_router.py:679	require_business	tenant_scoped_supply_chain	P0_RESOURCE_IDOR	tests/test_supply_chain_batches.py; tests/test_supply_chain_supplier_eligibility_routes.py; tests/test_unauth_route_boundaries.py	covered		
GET	/api/supply-chain/suppliers/{sid}/verification-status	verification_status	backend/supply_chain/supplier_router.py:813	require_business	tenant_scoped_supply_chain	P0_RESOURCE_IDOR	tests/test_supply_chain_batches.py; tests/test_supply_chain_supplier_eligibility_routes.py; tests/test_unauth_route_boundaries.py	covered		
POST	/api/supply-chain/suppliers/{sid}/verify	verify_supplier	backend/supply_chain/supplier_router.py:845	require_business	tenant_scoped_supply_chain	P0_RESOURCE_IDOR	tests/test_supply_chain_batches.py; tests/test_supply_chain_supplier_eligibility_routes.py; tests/test_unauth_route_boundaries.py	covered		
GET	/api/templates/render-pdf/health	health	backend/auth/pdf_render_router.py:112	public-intended	public_safe_or_legacy	P2_HEALTH_OR_STATIC	tests/test_generate_document_export_security.py; tests/test_certificate_pdf_integrity_smoke.py; tests/uat/test_uat_c_tenant_isolation.py	covered		
GET	/api/templates/render-pdf/registry	registry	backend/auth/pdf_render_router.py:124	get_current_user	tenant_scoped	P0_FILE_OBJECT	tests/test_generate_document_export_security.py; tests/test_certificate_pdf_integrity_smoke.py; tests/uat/test_uat_c_tenant_isolation.py	covered		
POST	/api/templates/{doc_type}/render-pdf	render_pdf	backend/auth/pdf_render_router.py:143	get_current_user	tenant_scoped	P0_FILE_OBJECT	tests/test_generate_document_export_security.py; tests/test_certificate_pdf_integrity_smoke.py; tests/uat/test_uat_c_tenant_isolation.py	covered		
POST	/api/users/me/confirm-deletion	confirm_deletion	backend/auth/gdpr_router.py:147	no-auth-explicit-review	tenant_scoped	P0_RESOURCE_IDOR	tests/test_dual_auth_cross_tenant_unit.py; tests/test_unauth_route_boundaries.py	covered		
GET	/api/users/me/export-data	export_my_data	backend/auth/gdpr_router.py:38	get_current_user	tenant_scoped	P0_FILE_OBJECT	tests/test_dual_auth_cross_tenant_unit.py; tests/test_unauth_route_boundaries.py	covered		
POST	/api/users/me/request-deletion	request_deletion	backend/auth/gdpr_router.py:100	get_current_user	tenant_scoped	P0_RESOURCE_IDOR	tests/test_dual_auth_cross_tenant_unit.py; tests/test_unauth_route_boundaries.py	covered		
GET	/auth/admin/analytics	admin_analytics	backend/auth/admin_analytics_router.py:25	require_admin	admin_global	P0_ADMIN_GLOBAL	tests/test_unauth_route_boundaries.py; tests/test_keycloak_admin_edge.py	covered		
GET	/auth/admin/audit-logs	list_audit_logs	backend/auth/audit_log_router.py:40	require_admin	admin_global	P0_ADMIN_GLOBAL	tests/test_unauth_route_boundaries.py; tests/test_keycloak_admin_edge.py	covered		
GET	/auth/admin/feature-flags	admin_list_flags	backend/auth/feature_flags_router.py:78	require_admin	admin_global	P0_ADMIN_GLOBAL	tests/test_unauth_route_boundaries.py; tests/test_keycloak_admin_edge.py	covered		
PUT	/auth/admin/feature-flags/{name}	admin_upsert_flag	backend/auth/feature_flags_router.py:95	require_admin	admin_global	P0_ADMIN_GLOBAL	tests/test_unauth_route_boundaries.py; tests/test_keycloak_admin_edge.py	covered		
DELETE	/auth/admin/feature-flags/{name}/overrides/{tenant_id}	admin_clear_override	backend/auth/feature_flags_router.py:136	require_admin	admin_global	P0_ADMIN_GLOBAL	tests/test_unauth_route_boundaries.py; tests/test_keycloak_admin_edge.py	covered		
PUT	/auth/admin/feature-flags/{name}/overrides/{tenant_id}	admin_set_override	backend/auth/feature_flags_router.py:116	require_admin	admin_global	P0_ADMIN_GLOBAL	tests/test_unauth_route_boundaries.py; tests/test_keycloak_admin_edge.py	covered		
GET	/auth/admin/industry-schemas	admin_list_all	backend/auth/industry_schema_router.py:290	require_admin	admin_global	P0_ADMIN_GLOBAL	tests/test_unauth_route_boundaries.py; tests/test_keycloak_admin_edge.py	covered		
POST	/auth/admin/industry-schemas	admin_create	backend/auth/industry_schema_router.py:302	require_admin	admin_global	P0_ADMIN_GLOBAL	tests/test_unauth_route_boundaries.py; tests/test_keycloak_admin_edge.py	covered		
DELETE	/auth/admin/industry-schemas/{schema_id}	admin_disable	backend/auth/industry_schema_router.py:373	require_admin	admin_global	P0_ADMIN_GLOBAL	tests/test_unauth_route_boundaries.py; tests/test_keycloak_admin_edge.py	covered		
PATCH	/auth/admin/industry-schemas/{schema_id}	admin_update	backend/auth/industry_schema_router.py:337	require_admin	admin_global	P0_ADMIN_GLOBAL	tests/test_unauth_route_boundaries.py; tests/test_keycloak_admin_edge.py	covered		
PUT	/auth/admin/industry-schemas/{schema_id}/doc-types	admin_replace_doc_types	backend/auth/industry_schema_router.py:397	require_admin	admin_global	P0_ADMIN_GLOBAL	tests/test_unauth_route_boundaries.py; tests/test_keycloak_admin_edge.py	covered		
GET	/auth/admin/overdue-submissions	admin_overdue_submissions	backend/auth/admin_router.py:74	require_admin	admin_global	P0_ADMIN_GLOBAL	tests/test_unauth_route_boundaries.py; tests/test_keycloak_admin_edge.py	covered		
GET	/auth/admin/pending-providers	pending_providers	backend/auth/admin_router.py:21	require_admin	admin_global	P0_ADMIN_GLOBAL	tests/test_unauth_route_boundaries.py; tests/test_keycloak_admin_edge.py	covered		
POST	/auth/admin/providers/{provider_id}/approve	approve_provider	backend/auth/admin_router.py:42	require_admin	admin_global	P0_ADMIN_GLOBAL	tests/test_unauth_route_boundaries.py; tests/test_keycloak_admin_edge.py	covered		
POST	/auth/admin/providers/{provider_id}/reject	reject_provider	backend/auth/admin_router.py:90	require_admin	admin_global	P0_ADMIN_GLOBAL	tests/test_unauth_route_boundaries.py; tests/test_keycloak_admin_edge.py	covered		
GET	/auth/admin/standard-types	admin_list_all	backend/auth/standard_type_router.py:211	require_admin	admin_global	P0_ADMIN_GLOBAL	tests/test_unauth_route_boundaries.py; tests/test_keycloak_admin_edge.py	covered		
POST	/auth/admin/standard-types	admin_create	backend/auth/standard_type_router.py:220	require_admin	admin_global	P0_ADMIN_GLOBAL	tests/test_unauth_route_boundaries.py; tests/test_keycloak_admin_edge.py	covered		
PUT	/auth/admin/standard-types/industries/{industry_id}/standards	admin_replace_industry_standards	backend/auth/standard_type_router.py:316	require_admin	admin_global	P0_ADMIN_GLOBAL	tests/test_unauth_route_boundaries.py; tests/test_keycloak_admin_edge.py	covered		
DELETE	/auth/admin/standard-types/{standard_id}	admin_disable	backend/auth/standard_type_router.py:276	require_admin	admin_global	P0_ADMIN_GLOBAL	tests/test_unauth_route_boundaries.py; tests/test_keycloak_admin_edge.py	covered		
PATCH	/auth/admin/standard-types/{standard_id}	admin_update	backend/auth/standard_type_router.py:251	require_admin	admin_global	P0_ADMIN_GLOBAL	tests/test_unauth_route_boundaries.py; tests/test_keycloak_admin_edge.py	covered		
PUT	/auth/admin/standard-types/{standard_id}/doc-types	admin_replace_doc_types	backend/auth/standard_type_router.py:290	require_admin	admin_global	P0_ADMIN_GLOBAL	tests/test_unauth_route_boundaries.py; tests/test_keycloak_admin_edge.py	covered		
POST	/auth/business/export-ihc	export_ihc	backend/auth/router.py:600	require_business	tenant_scoped	P0_FILE_OBJECT	tests/uat/test_uat_c_tenant_isolation.py; tests/test_unauth_route_boundaries.py	covered		
POST	/auth/business/invite	invite_member	backend/auth/router.py:243	require_business	tenant_scoped	P0_RESOURCE_IDOR	tests/uat/test_uat_c_tenant_isolation.py; tests/test_unauth_route_boundaries.py	covered		
POST	/auth/business/invite-link	create_invite_link	backend/auth/router.py:328	require_business	tenant_scoped	P0_RESOURCE_IDOR	tests/uat/test_uat_c_tenant_isolation.py; tests/test_unauth_route_boundaries.py	covered		
GET	/auth/business/members	list_members	backend/auth/router.py:529	require_business	tenant_scoped	P1_TENANT_LIST	tests/uat/test_uat_c_tenant_isolation.py; tests/test_unauth_route_boundaries.py	covered		
DELETE	/auth/business/members/{member_id}	remove_member	backend/auth/router.py:704	require_business	tenant_scoped	P0_RESOURCE_IDOR	tests/uat/test_uat_c_tenant_isolation.py; tests/test_unauth_route_boundaries.py	covered		
PUT	/auth/business/members/{member_id}	update_member	backend/auth/router.py:562	require_business	tenant_scoped	P0_RESOURCE_IDOR	tests/uat/test_uat_c_tenant_isolation.py; tests/test_unauth_route_boundaries.py	covered		
GET	/auth/business/members/{member_id}/permissions	get_member_permissions	backend/auth/router.py:470	require_business	tenant_scoped	P0_RESOURCE_IDOR	tests/uat/test_uat_c_tenant_isolation.py; tests/test_unauth_route_boundaries.py	covered		
PUT	/auth/business/members/{member_id}/permissions	update_member_permissions	backend/auth/router.py:496	require_business	tenant_scoped	P0_RESOURCE_IDOR	tests/uat/test_uat_c_tenant_isolation.py; tests/test_unauth_route_boundaries.py	covered		
GET	/auth/business/minutes	list_minutes	backend/auth/router.py:1120	require_business	tenant_scoped	P1_TENANT_LIST	tests/uat/test_uat_c_tenant_isolation.py; tests/test_unauth_route_boundaries.py	covered		
POST	/auth/business/minutes	upload_minutes	backend/auth/router.py:1150	require_business	tenant_scoped	P0_RESOURCE_IDOR	tests/uat/test_uat_c_tenant_isolation.py; tests/test_unauth_route_boundaries.py	covered		
DELETE	/auth/business/minutes/{file_id}	delete_minutes	backend/auth/router.py:1273	require_business	tenant_scoped	P0_FILE_OBJECT	tests/uat/test_uat_c_tenant_isolation.py; tests/test_unauth_route_boundaries.py	covered		
GET	/auth/business/minutes/{file_id}/view	view_minutes	backend/auth/router.py:1178	no-auth-explicit-review	tenant_scoped	P0_RESOURCE_IDOR	tests/uat/test_uat_c_tenant_isolation.py; tests/test_unauth_route_boundaries.py	covered		
POST	/auth/business/register	register_business	backend/auth/router.py:75	public-explicit-or-legacy	public_safe_or_legacy	P0_RESOURCE_IDOR	tests/uat/test_uat_c_tenant_isolation.py; tests/test_unauth_route_boundaries.py	covered		
POST	/auth/company-logo	upload_company_logo	backend/auth/router.py:1376	require_business	tenant_scoped	P0_RESOURCE_IDOR	tests/uat/test_uat_c_tenant_isolation.py; tests/test_unauth_route_boundaries.py	covered		
GET	/auth/company-logo/{tenant_id}	get_company_logo	backend/auth/router.py:1406	no-auth-explicit-review	tenant_scoped	P0_RESOURCE_IDOR	tests/uat/test_uat_c_tenant_isolation.py; tests/test_unauth_route_boundaries.py	covered		
GET	/auth/company-profile	get_company_profile	backend/auth/router.py:1296	get_current_user	tenant_scoped	P0_FILE_OBJECT	tests/uat/test_uat_c_tenant_isolation.py; tests/test_unauth_route_boundaries.py	covered		
PUT	/auth/company-profile	update_company_profile	backend/auth/router.py:1333	require_business	tenant_scoped	P0_FILE_OBJECT	tests/uat/test_uat_c_tenant_isolation.py; tests/test_unauth_route_boundaries.py	covered		
GET	/auth/invite/{token}	get_invite_info	backend/auth/router.py:374	public-explicit-or-legacy	public_token_scoped	P2_HEALTH_OR_STATIC	tests/uat/test_uat_c_tenant_isolation.py; tests/test_unauth_route_boundaries.py	covered		
POST	/auth/invite/{token}/accept	accept_invite	backend/auth/router.py:401	public-explicit-or-legacy	public_token_scoped	P0_RESOURCE_IDOR	tests/uat/test_uat_c_tenant_isolation.py; tests/test_unauth_route_boundaries.py	covered		
GET	/auth/me	get_me	backend/auth/router.py:150	get_current_user	tenant_scoped	P1_TENANT_LIST		deferred	qa-owner	representative coverage only; add route-family test for 8/10+
GET	/auth/notification-preferences	get_notification_preferences	backend/auth/router.py:1420	get_current_user	tenant_scoped	P1_TENANT_LIST	tests/test_unauth_route_boundaries.py; notification preferences authenticated-user smoke	covered		
PUT	/auth/notification-preferences	update_notification_preferences	backend/auth/router.py:1439	get_current_user	tenant_scoped	P0_RESOURCE_IDOR	tests/test_unauth_route_boundaries.py; notification preferences authenticated-user smoke	covered		
GET	/auth/provider/auditors	list_auditors	backend/auth/router.py:805	require_provider	provider_business_scoped	P1_TENANT_LIST	tests/uat/test_uat_c_tenant_isolation.py; tests/test_unauth_route_boundaries.py	covered		
POST	/auth/provider/auditors	invite_auditor	backend/auth/router.py:738	require_provider	provider_business_scoped	P0_RESOURCE_IDOR	tests/uat/test_uat_c_tenant_isolation.py; tests/test_unauth_route_boundaries.py	covered		
DELETE	/auth/provider/auditors/{auditor_id}	remove_auditor	backend/auth/router.py:878	require_provider	provider_business_scoped	P0_RESOURCE_IDOR	tests/uat/test_uat_c_tenant_isolation.py; tests/test_unauth_route_boundaries.py	covered		
PUT	/auth/provider/auditors/{auditor_id}	update_auditor	backend/auth/router.py:833	require_provider	provider_business_scoped	P0_RESOURCE_IDOR	tests/uat/test_uat_c_tenant_isolation.py; tests/test_unauth_route_boundaries.py	covered		
GET	/auth/provider/auditors/{auditor_id}/certificates	list_auditor_certificates	backend/auth/router.py:908	require_provider	provider_business_scoped	P0_RESOURCE_IDOR	tests/uat/test_uat_c_tenant_isolation.py; tests/test_unauth_route_boundaries.py	covered		
POST	/auth/provider/auditors/{auditor_id}/certificates	upload_auditor_certificate	backend/auth/router.py:947	require_provider	provider_business_scoped	P0_RESOURCE_IDOR	tests/uat/test_uat_c_tenant_isolation.py; tests/test_unauth_route_boundaries.py	covered		
DELETE	/auth/provider/auditors/{auditor_id}/certificates/{cert_id}	delete_auditor_certificate	backend/auth/router.py:1092	require_provider	provider_business_scoped	P0_RESOURCE_IDOR	tests/uat/test_uat_c_tenant_isolation.py; tests/test_unauth_route_boundaries.py	covered		
GET	/auth/provider/auditors/{auditor_id}/certificates/{cert_id}/view	view_auditor_certificate	backend/auth/router.py:995	no-auth-explicit-review	tenant_scoped	P0_RESOURCE_IDOR	tests/uat/test_uat_c_tenant_isolation.py; tests/test_unauth_route_boundaries.py	covered		
POST	/auth/provider/register	register_provider	backend/auth/router.py:111	public-explicit-or-legacy	public_safe_or_legacy	P0_RESOURCE_IDOR	tests/uat/test_uat_c_tenant_isolation.py; tests/test_unauth_route_boundaries.py	covered		
POST	/chat	chat	backend/app.py:1385	public-explicit-or-legacy	public_safe_or_legacy	P0_RESOURCE_IDOR	tests/test_unauth_route_boundaries.py; tests/uat/test_uat_c_tenant_isolation.py; public chat rate-limit smoke	covered		
POST	/chat/stream	chat_stream	backend/app.py:1405	public-explicit-or-legacy	public_safe_or_legacy	P0_RESOURCE_IDOR	tests/test_unauth_route_boundaries.py; tests/uat/test_uat_c_tenant_isolation.py; public chat rate-limit smoke	covered		
GET	/dossiers	list_dossiers	backend/auth/dossier_router.py:150	get_current_user	tenant_scoped	P1_TENANT_LIST	tests/test_unauth_route_boundaries.py; tests/uat/test_uat_c_tenant_isolation.py	covered		
POST	/dossiers	create_dossier	backend/auth/dossier_router.py:166	get_current_user	tenant_scoped	P0_RESOURCE_IDOR	tests/test_unauth_route_boundaries.py; tests/uat/test_uat_c_tenant_isolation.py	covered		
DELETE	/dossiers/{dossier_id}	delete_dossier	backend/auth/dossier_router.py:270	get_current_user	tenant_scoped	P0_RESOURCE_IDOR	tests/test_unauth_route_boundaries.py; tests/uat/test_uat_c_tenant_isolation.py	covered		
GET	/dossiers/{dossier_id}	get_dossier	backend/auth/dossier_router.py:222	get_current_user	tenant_scoped	P0_RESOURCE_IDOR	tests/test_unauth_route_boundaries.py; tests/uat/test_uat_c_tenant_isolation.py	covered		
PATCH	/dossiers/{dossier_id}	update_dossier	backend/auth/dossier_router.py:240	get_current_user	tenant_scoped	P0_RESOURCE_IDOR	tests/test_unauth_route_boundaries.py; tests/uat/test_uat_c_tenant_isolation.py	covered		
POST	/evaluate	evaluate_doc	backend/app.py:1510	get_current_user	tenant_scoped	P0_RESOURCE_IDOR	tests/test_unauth_route_boundaries.py; tests/uat/test_uat_c_tenant_isolation.py; public chat rate-limit smoke	covered		
POST	/generate-document	generate_document	backend/app.py:1712	get_current_user	tenant_scoped	P0_RESOURCE_IDOR	tests/test_generate_document_export_security.py; tests/test_certificate_pdf_integrity_smoke.py; tests/uat/test_uat_c_tenant_isolation.py	covered		
POST	/generate-document/export-docx	export_docx	backend/app.py:1842	get_current_user	tenant_scoped	P0_FILE_OBJECT	tests/test_generate_document_export_security.py; tests/test_certificate_pdf_integrity_smoke.py; tests/uat/test_uat_c_tenant_isolation.py	covered		
GET	/health	health	backend/app.py:1341	public-intended	public_safe_or_legacy	P2_HEALTH_OR_STATIC	low-risk/static smoke	covered		
GET	/industry-schemas	list_industry_schemas	backend/auth/industry_schema_router.py:159	get_current_user	tenant_scoped	P1_TENANT_LIST	tests/test_unauth_route_boundaries.py; schema/standard tenant route coverage	covered		
POST	/industry-schemas/business-select	select_industry	backend/auth/industry_schema_router.py:198	get_current_user	tenant_scoped	P0_RESOURCE_IDOR	tests/test_unauth_route_boundaries.py; schema/standard tenant route coverage	covered		
GET	/industry-schemas/{code_or_id}	get_industry_schema	backend/auth/industry_schema_router.py:173	get_current_user	tenant_scoped	P0_RESOURCE_IDOR	tests/test_unauth_route_boundaries.py; schema/standard tenant route coverage	covered		
POST	/ingest	ingest_document	backend/app.py:1466	get_current_user	tenant_scoped	P0_RESOURCE_IDOR	tests/test_unauth_route_boundaries.py; tests/uat/test_uat_c_tenant_isolation.py; public chat rate-limit smoke	covered		
GET	/jobs/{job_id}	get_job	backend/app.py:1496	get_current_user	tenant_scoped	P0_RESOURCE_IDOR	tests/test_unauth_route_boundaries.py; tests/uat/test_uat_c_tenant_isolation.py; public chat rate-limit smoke	covered		
GET	/placeholders	get_all_placeholders	backend/app.py:1048	public-explicit-or-legacy	public_safe_or_legacy	P2_HEALTH_OR_STATIC	low-risk/static smoke	covered		
GET	/reviews/{filename}	get_review	backend/app.py:1887	get_current_user	tenant_scoped	P0_FILE_OBJECT	tests/test_unauth_route_boundaries.py; tests/uat/test_uat_c_tenant_isolation.py; public chat rate-limit smoke	covered		
POST	/reviews/{filename}	save_review	backend/app.py:1874	get_current_user	tenant_scoped	P0_FILE_OBJECT	tests/test_unauth_route_boundaries.py; tests/uat/test_uat_c_tenant_isolation.py; public chat rate-limit smoke	covered		
POST	/rewrite	suggest_rewrite	backend/app.py:1647	get_current_user	tenant_scoped	P0_RESOURCE_IDOR	tests/test_unauth_route_boundaries.py; tests/uat/test_uat_c_tenant_isolation.py; public chat rate-limit smoke	covered		
GET	/standard-types	list_standards	backend/auth/standard_type_router.py:145	get_current_user	tenant_scoped	P1_TENANT_LIST	tests/test_unauth_route_boundaries.py; schema/standard tenant route coverage	covered		
GET	/standard-types/by-industry/{industry_code_or_id}	list_by_industry	backend/auth/standard_type_router.py:157	get_current_user	tenant_scoped	P0_RESOURCE_IDOR	tests/test_unauth_route_boundaries.py; schema/standard tenant route coverage	covered		
GET	/standard-types/{code_or_id}	get_standard	backend/auth/standard_type_router.py:192	get_current_user	tenant_scoped	P0_RESOURCE_IDOR	tests/test_unauth_route_boundaries.py; schema/standard tenant route coverage	covered		
GET	/stats	stats	backend/app.py:1367	public-explicit-or-legacy	public_safe_or_legacy	P2_HEALTH_OR_STATIC	low-risk/static smoke	covered		
GET	/templates/available	list_available_templates	backend/app.py:837	public-explicit-or-legacy	public_safe_or_legacy	P2_HEALTH_OR_STATIC	low-risk/static smoke	covered		
GET	/templates/{doc_type}/download	download_template	backend/app.py:914	get_current_user	tenant_scoped	P0_FILE_OBJECT	tests/test_generate_document_export_security.py; tests/test_certificate_pdf_integrity_smoke.py; tests/uat/test_uat_c_tenant_isolation.py	covered		
GET	/topics	list_topics	backend/app.py:1380	public-explicit-or-legacy	public_safe_or_legacy	P2_HEALTH_OR_STATIC	low-risk/static smoke	covered		
